"dataset","type","TP","FP","TN","FN","Precision","Recall","AUC","F1","Kappa
"
"B","weighted","0.9930357167265819","0.8597182134094179","0.1402817865905821","0.006964283273418172","0.9914309329166177","0.9930357167265819","0.6843052251107947","0.9921737922420316","0.17167084480057443","0.16623926594450472"
"B","Class Buggy","104.0","357.0","145195.0","662.0","0.22559652928416485","0.13577023498694518","0.6843052251107946","0.16951915240423798","0.17167084480057443","0.16623926594450472"
"B+","weighted","0.9955712899301521","0.7051699661930352","0.29483003380696493","0.004428710069847866","0.9946241453337857","0.9955712899301521","0.9698642285810806","0.9946880650305102","0.4431222823623231","0.40581297932592947"
"B+","Class Buggy","223.0","105.0","145447.0","543.0","0.6798780487804879","0.29112271540469975","0.9698642285810805","0.4076782449725777","0.4431222823623231","0.40581297932592947"
"C","weighted","0.9983640081799591","0.9395404787681944","0.060459521231805605","0.0016359918200408998","0.99836668492289","0.9983640081799591","0.8080839423754752","0.9976375704380135","0.2423371303738956","0.11093939979319765"
"C","Class Buggy","1.0","0.0","9763.0","16.0","1.0","0.058823529411764705","0.8080839423754752","0.1111111111111111","0.2423371303738956","0.11093939979319765"
